{
  "title": "Blacklight Inspection",
  "uri_ins": "https://larrybolinger.com",
  "uri_dest": "https://larrybolinger.com/index.html",
  "uri_redirects": [
    "https://larrybolinger.com/"
  ],
  "secure_connection": {},
  "host": "larrybolinger.com",
  "config": {
    "clearCache": true,
    "captureHar": true,
    "captureLinks": false,
    "enableAdBlock": false,
    "emulateDevice": "iPhone X",
    "numPages": 3
  },
  "browser": {
    "name": "Chromium",
    "version": "HeadlessChrome/103.0.5058.0",
    "user_agent": "Mozilla/5.0 (X11; Linux x86_64) AppleWebKit/537.36 (KHTML, like Gecko) HeadlessChrome/103.0.5058.0 Safari/537.36",
    "platform": {
      "name": "Linux",
      "version": "5.15.0-1033-azure"
    }
  },
  "script": {
    "host": "fv-az354-905",
    "version": {
      "npm": "2.1.12",
      "commit": null
    },
    "node_version": "v16.19.1"
  },
  "start_time": "2023-03-06T23:45:58.544Z",
  "end_time": "2023-03-06T23:46:06.320Z",
  "deviceEmulated": {
    "name": "iPhone X",
    "userAgent": "Mozilla/5.0 (iPhone; CPU iPhone OS 11_0 like Mac OS X) AppleWebKit/604.1.38 (KHTML, like Gecko) Version/11.0 Mobile/15A372 Safari/604.1",
    "viewport": {
      "width": 375,
      "height": 812,
      "deviceScaleFactor": 3,
      "isMobile": true,
      "hasTouch": true,
      "isLandscape": false
    }
  },
  "browsing_history": [
    "https://larrybolinger.com/index.html",
    "https://larrybolinger.com/introductory.html",
    "https://larrybolinger.com/uploads/3/5/4/4/35446826/truancy.doc",
    "https://larrybolinger.com/books-authored-by-bolinger.html"
  ],
  "hosts": {
    "requests": {
      "first_party": [
        "larrybolinger.com"
      ],
      "third_party": [
        "cdn2.editmysite.com",
        "www.weebly.com",
        "www.google.com",
        "www.gstatic.com",
        "www.paypalobjects.com"
      ]
    }
  },
  "reports": {
    "behaviour_event_listeners": {
      "KEYBOARD": {
        "https://cdn2.editmysite.com/js/jquery-1.8.3.min.js": [
          "keydown"
        ]
      },
      "MOUSE": {
        "https://cdn2.editmysite.com/js/jquery-1.8.3.min.js": [
          "mousedown"
        ]
      }
    },
    "canvas_fingerprinters": {
      "data_url": {},
      "fingerprinters": [],
      "styles": {},
      "texts": {}
    },
    "canvas_font_fingerprinters": {
      "canvas_font": {},
      "text_measure": {}
    },
    "cookies": [
      {
        "domain": "larrybolinger.com",
        "name": "gdpr-kb",
        "path": "/",
        "script": "https://larrybolinger.com/gdpr/gdprscript.js?buildTime=1669754019&hasRemindMe=true&stealth=false",
        "type": "js",
        "value": "true",
        "third_party": false
      }
    ],
    "fb_pixel_events": [],
    "key_logging": {},
    "session_recorders": {},
    "third_party_trackers": [
      {
        "data": {
          "filter": "||paypalobjects.com^*/pixel.gif",
          "listName": "easyprivacy.txt",
          "query": null
        },
        "stack": [
          {
            "fileName": "https://larrybolinger.com/introductory.html",
            "source": "ThirdPartyTracker RequestHandler"
          }
        ],
        "type": "TrackingRequest",
        "url": "https://www.paypalobjects.com/en_US/i/scr/pixel.gif"
      }
    ]
  }
}