{
  "title": "Blacklight Inspection",
  "uri_ins": "https://erictoney.com/",
  "uri_dest": "https://erictoney.com/",
  "uri_redirects": [],
  "secure_connection": {},
  "host": "erictoney.com",
  "config": {
    "clearCache": true,
    "captureHar": true,
    "captureLinks": false,
    "enableAdBlock": false,
    "emulateDevice": "iPhone X",
    "numPages": 3
  },
  "browser": {
    "name": "Chromium",
    "version": "HeadlessChrome/103.0.5058.0",
    "user_agent": "Mozilla/5.0 (X11; Linux x86_64) AppleWebKit/537.36 (KHTML, like Gecko) HeadlessChrome/103.0.5058.0 Safari/537.36",
    "platform": {
      "name": "Linux",
      "version": "5.15.0-1033-azure"
    }
  },
  "script": {
    "host": "fv-az407-165",
    "version": {
      "npm": "2.1.12",
      "commit": null
    },
    "node_version": "v16.19.1"
  },
  "start_time": "2023-03-07T01:00:51.642Z",
  "end_time": "2023-03-07T01:00:53.208Z",
  "deviceEmulated": {
    "name": "iPhone X",
    "userAgent": "Mozilla/5.0 (iPhone; CPU iPhone OS 11_0 like Mac OS X) AppleWebKit/604.1.38 (KHTML, like Gecko) Version/11.0 Mobile/15A372 Safari/604.1",
    "viewport": {
      "width": 375,
      "height": 812,
      "deviceScaleFactor": 3,
      "isMobile": true,
      "hasTouch": true,
      "isLandscape": false
    }
  },
  "browsing_history": [
    "https://erictoney.com/"
  ],
  "hosts": {
    "requests": {
      "first_party": [
        "erictoney.com"
      ],
      "third_party": [
        "fonts.bunny.net"
      ]
    }
  },
  "reports": {
    "behaviour_event_listeners": {},
    "canvas_fingerprinters": {
      "data_url": {},
      "fingerprinters": [],
      "styles": {},
      "texts": {}
    },
    "canvas_font_fingerprinters": {
      "canvas_font": {},
      "text_measure": {}
    },
    "cookies": [],
    "fb_pixel_events": [],
    "key_logging": {},
    "session_recorders": {},
    "third_party_trackers": []
  }
}